{
  "adapters": [
    {
      "name": "internal",
      "class": "DistributedInternalToAdminAdapter",
      "node_id": "local",
      "description": "Internal state management adapter",
      "events": ["users_fetched", "transactions_fetched", "device_data_fetched", "report_generated"],
      "permissions": {
        "admin": ["update_user_role", "approve_transaction", "execute_binary", "interpret_code"],
        "viewer": ["view_user", "view_transaction", "view_execution_logs"]
      },
      "modules": []
    },
    {
      "name": "loader",
      "class": "LoaderToAdminAdapter",
      "node_id": "local",
      "description": "Module loader adapter and execution orchestrator",
      "base_path": "./modules/loader_modules",
      "modules": [
        {"name": "chat_loader", "type": ".py", "path": "modules/loader_modules/chat_loader.py", "version": "1.0.0", "hash_base64": "Y2hhdF9sb2FkZXJfaGFzaA==", "dependencies": [], "pre_hooks": [], "post_hooks": []},
        {"name": "admin_loader", "type": ".py", "path": "modules/loader_modules/admin_loader.py", "version": "1.0.0", "hash_base64": "YWRtaW5fbG9hZGVyX2hhc2g="},
        {"name": "notification_loader", "type": ".py", "path": "modules/loader_modules/notification_loader.py", "version": "1.0.0", "hash_base64": "bm90aWZpY2F0aW9uX2xvYWRlcl9oYXNo"},
        {"name": "email_loader", "type": ".py", "path": "modules/loader_modules/email_loader.py", "version": "1.0.0", "hash_base64": "ZW1haWxfbG9hZGVyX2hhc2g="},
        {"name": "voice_video_loader", "type": ".py", "path": "modules/loader_modules/voice_video_loader.py", "version": "1.0.0", "hash_base64": "dm9pY2VfdmlkZW9fbG9hZGVyX2hhc2g="},
        {"name": "system_health_monitor", "type": ".py", "path": "modules/monitoring/system_health.py", "version": "1.0.0", "hash_base64": "c3lzdGVtX2hlYWx0aF9tb25pdG9y"},
        {"name": "traffic_monitor", "type": ".py", "path": "modules/monitoring/traffic_monitor.py", "version": "1.0.0", "hash_base64": "dHJhZmZpY19tb25pdG9y"},
        {"name": "user_activity_logger", "type": ".py", "path": "modules/monitoring/activity_logger.py", "version": "1.0.0", "hash_base64": "dXNlcl9hY3Rpdml0eV9sb2dnZXI="},
        {"name": "analytics_report_generator", "type": ".py", "path": "modules/analytics/analytics_engine.py", "version": "1.0.0", "hash_base64": "YW5hbHl0aWNzX3JlcG9ydF9nZW5lcg=="},
        {"name": "billing_api_handler", "type": ".py", "path": "modules/billing_management/billing_controller.py", "version": "1.0.0", "hash_base64": "YmlsbGluZ19hcGlfaGFuZGxlcg=="},
        {"name": "invoice_manager", "type": ".py", "path": "modules/billing_management/invoices/invoice_manager.py", "version": "1.0.0", "hash_base64": "aW52b2ljZV9tYW5hZ2Vy"},
        {"name": "workflow_engine", "type": ".py", "path": "modules/automation/workflow_engine.py", "version": "1.0.0", "hash_base64": "d29ya2Zsb3dfZW5naW5l"},
        {"name": "scheduled_task_runner", "type": ".py", "path": "modules/automation/scheduled_tasks.py", "version": "1.0.0", "hash_base64": "c2NoZWR1bGVkX3Rhc2tfcnVubmVy"},
        {"name": "auto_response_handler", "type": ".py", "path": "modules/automation/auto_response.py", "version": "1.0.0", "hash_base64": "YXV0b19yZXNwb25zZV9oYW5kbGVy"},
        {"name": "chat_message_filter", "type": ".py", "path": "modules/communication/chat_gateway.py", "version": "1.0.0", "hash_base64": "Y2hhdF9tZXNzYWdlX2ZpbHRlcg=="},
        {"name": "ai_reply_engine", "type": ".py", "path": "workers/chat_workers/ai_reply_worker.py", "version": "1.0.0", "hash_base64": "YWlfcmVwbHlfZW5naW5l"},
        {"name": "moderation_worker", "type": ".py", "path": "workers/chat_workers/moderation_worker.py", "version": "1.0.0", "hash_base64": "bW9kZXJhdGlvbl93b3JrZXI="},
        {"name": "internal_runtime_manifest_loader", "type": ".py", "path": "internal_runtime/manifest_loader.py", "version": "1.0.0", "hash_base64": "aW50ZXJuYWxfcmVudGltZV9tYW5pZmVzdF9sb2FkZXI="},
        {"name": "internal_runtime_toml_config_manager", "type": ".py", "path": "internal_runtime/toml_config_manager.py", "version": "1.0.0", "hash_base64": "aW50ZXJuYWxfcmVudGltZV90b21sX2NvbmZpZ19tYW5hZ2Vy"},
        {"name": "internal_runtime_metadata_registry", "type": ".py", "path": "internal_runtime/metadata_registry.py", "version": "1.0.0", "hash_base64": "aW50ZXJuYWxfcmVudGltZV9tZXRhZGF0YV9yZWdpc3RyeQ=="},
        {"name": "internal_runtime_logic_interpreter", "type": ".py", "path": "internal_runtime/logic_interpreter.py", "version": "1.0.0", "hash_base64": "aW50ZXJuYWxfcmVudGltZV9sb2dpY19pbnRlcnByZXRlcg=="},
        {"name": "internal_runtime_rules_engine", "type": ".py", "path": "internal_runtime/rules_engine.py", "version": "1.0.0", "hash_base64": "aW50ZXJuYWxfcmVudGltZV9ydWxlc19lbmdpbmU="},
        {"name": "internal_runtime_state_router", "type": ".py", "path": "internal_runtime/state_router.py", "version": "1.0.0", "hash_base64": "aW50ZXJuYWxfcmVudGltZV9zdGF0ZV9yb3V0ZXI="},
        {"name": "internal_runtime_execution_pipeline", "type": ".py", "path": "internal_runtime/execution_pipeline.py", "version": "1.0.0", "hash_base64": "aW50ZXJuYWxfcmVudGltZV9leGVjdXRpb25fcGlwZWxpbmU="},
        {"name": "internal_runtime_telemetry_bridge", "type": ".py", "path": "internal_runtime/telemetry_bridge.py", "version": "1.0.0", "hash_base64": "aW50ZXJuYWxfcmVudGltZV90ZWxlbWV0cnlfYnJpZGdl"},
        {"name": "internal_runtime_data_transformer", "type": ".py", "path": "internal_runtime/data_transformer.py", "version": "1.0.0", "hash_base64": "aW50ZXJuYWxfcmVudGltZV9kYXRhX3RyYW5zZm9ybWVy"},
        {"name": "internal_runtime_cache_manager", "type": ".py", "path": "internal_runtime/cache_manager.py", "version": "1.0.0", "hash_base64": "aW50ZXJuYWxfcmVudGltZV9jYWNoZV9tYW5hZ2Vy"},
        {"name": "internal_runtime_audit_logger", "type": ".py", "path": "internal_runtime/audit_logger.py", "version": "1.0.0", "hash_base64": "aW50ZXJuYWxfcmVudGltZV9hdWRpdF9sb2dnZXI="},
        {"name": "internal_runtime_error_handler", "type": ".py", "path": "internal_runtime/error_handler.py", "version": "1.0.0", "hash_base64": "aW50ZXJuYWxfcmVudGltZV9lcnJvcl9oYW5kbGVy"},
        {"name": "internal_runtime_async_queue", "type": ".py", "path": "internal_runtime/async_queue.py", "version": "1.0.0", "hash_base64": "aW50ZXJuYWxfcmVudGltZV9hc3luY19xdWV1ZQ=="},
        {"name": "code_compiler", "type": ".py", "path": "modules/execution/code_compiler.py", "version": "1.0.0", "hash_base64": "Y29kZV9jb21waWxlcg=="},
        {"name": "binary_executor", "type": ".py", "path": "modules/execution/binary_executor.py", "version": "1.0.0", "hash_base64": "YmluYXJ5X2V4ZWN1dG9y"},
        {"name": "code_interpreter", "type": ".py", "path": "modules/execution/code_interpreter.py", "version": "1.0.0", "hash_base64": "Y29kZV9pbnRlcnByZXRlcg=="},
        {"name": "code_decoder", "type": ".py", "path": "modules/execution/code_decoder.py", "version": "1.0.0", "hash_base64": "Y29kZV9kZWNvZGVy"},
        {"name": "sandbox_runner", "type": ".py", "path": "modules/execution/sandbox_runner.py", "version": "1.0.0", "hash_base64": "c2FuZGJveF9ydW5uZXI="}
      ]
    }
  ],
  "orchestrator": {
    "class": "AdapterOrchestratorToAdmin",
    "adapters": ["internal", "loader"],
    "events": [],
    "metrics_enabled": true
  },
  "policies": {
    "allow": [],
    "deny": [],
    "rate_limits": {
      "chat_loader": {"max": 100, "window_sec": 60},
      "admin_loader": {"max": 50, "window_sec": 60}
    }
  }
}
