{"version":"1.0","name":"VortexHubPythonModules","description":"AllPythonlibrariesfordynamic/staticloading,caching,CDN,runtime","libraries":[{"name":"numpy","type":"package","group":"DataScience","version":"latest","source":"pip","cdn":["https://cdn.jsdelivr.net/py/numpy"],"load_mode":"lazy"},{"name":"pandas","type":"package","group":"DataScience","version":"latest","source":"pip","cdn":["https://cdn.jsdelivr.net/py/pandas"],"load_mode":"lazy"},{"name":"matplotlib","type":"package","group":"Visualization","version":"latest","source":"pip","cdn":["https://cdn.jsdelivr.net/py/matplotlib"],"load_mode":"lazy"},{"name":"tensorflow","type":"package","group":"ML/DeepLearning","version":"latest","source":"pip","cdn":["https://cdn.jsdelivr.net/py/tensorflow"],"load_mode":"lazy"},{"name":"pytorch","type":"package","group":"ML/DeepLearning","version":"latest","source":"pip","cdn":["https://cdn.jsdelivr.net/py/torch"],"load_mode":"lazy"},{"name":"scikit-learn","type":"package","group":"ML","version":"latest","source":"pip","cdn":["https://cdn.jsdelivr.net/py/scikit-learn"],"load_mode":"lazy"},{"name":"requests","type":"package","group":"Networking","version":"latest","source":"pip","cdn":["https://cdn.jsdelivr.net/py/requests"],"load_mode":"lazy"},{"name":"keras","type":"package","group":"ML/DeepLearning","version":"latest","source":"pip","cdn":["https://cdn.jsdelivr.net/py/keras"],"load_mode":"lazy"},{"name":"seaborn","type":"package","group":"Visualization","version":"latest","source":"pip","cdn":["https://cdn.jsdelivr.net/py/seaborn"],"load_mode":"lazy"},{"name":"plotly","type":"package","group":"Visualization","version":"latest","source":"pip","cdn":["https://cdn.jsdelivr.net/py/plotly"],"load_mode":"lazy"},{"name":"nltk","type":"package","group":"NLP","version":"latest","source":"pip","cdn":["https://cdn.jsdelivr.net/py/nltk"],"load_mode":"lazy"},{"name":"beautifulsoup4","type":"package","group":"WebScraping","version":"latest","source":"pip","cdn":["https://cdn.jsdelivr.net/py/beautifulsoup4"],"load_mode":"lazy"},{"name":"pygame","type":"package","group":"GameDev","version":"latest","source":"pip","cdn":["https://cdn.jsdelivr.net/py/pygame"],"load_mode":"lazy"},{"name":"gensim","type":"package","group":"NLP","version":"latest","source":"pip","cdn":["https://cdn.jsdelivr.net/py/gensim"],"load_mode":"lazy"},{"name":"spacy","type":"package","group":"NLP","version":"latest","source":"pip","cdn":["https://cdn.jsdelivr.net/py/spacy"],"load_mode":"lazy"},{"name":"scipy","type":"package","group":"DataScience","version":"latest","source":"pip","cdn":["https://cdn.jsdelivr.net/py/scipy"],"load_mode":"lazy"},{"name":"theano","type":"package","group":"ML/DeepLearning","version":"latest","source":"pip","cdn":["https://cdn.jsdelivr.net/py/theano"],"load_mode":"lazy"},{"name":"pybrain","type":"package","group":"ML/DeepLearning","version":"latest","source":"pip","cdn":["https://cdn.jsdelivr.net/py/pybrain"],"load_mode":"lazy"},{"name":"bokeh","type":"package","group":"Visualization","version":"latest","source":"pip","cdn":["https://cdn.jsdelivr.net/py/bokeh"],"load_mode":"lazy"},{"name":"hebel","type":"package","group":"ML/Utility","version":"latest","source":"pip","cdn":["https://cdn.jsdelivr.net/py/hebel"],"load_mode":"lazy"},{"name":"flask","type":"package","group":"WebFramework","version":"latest","source":"pip","cdn":["https://cdn.jsdelivr.net/py/flask"],"load_mode":"lazy"},{"name":"django","type":"package","group":"WebFramework","version":"latest","source":"pip","cdn":["https://cdn.jsdelivr.net/py/django"],"load_mode":"lazy"},{"name":"bottle","type":"package","group":"WebFramework","version":"latest","source":"pip","cdn":["https://cdn.jsdelivr.net/py/bottle"],"load_mode":"lazy"},{"name":"tornado","type":"package","group":"WebFramework","version":"latest","source":"pip","cdn":["https://cdn.jsdelivr.net/py/tornado"],"load_mode":"lazy"},{"name":"cherrypy","type":"package","group":"WebFramework","version":"latest","source":"pip","cdn":["https://cdn.jsdelivr.net/py/cherrypy"],"load_mode":"lazy"},{"name":"pyramid","type":"package","group":"WebFramework","version":"latest","source":"pip","cdn":["https://cdn.jsdelivr.net/py/pyramid"],"load_mode":"lazy"},{"name":"grok","type":"package","group":"WebFramework","version":"latest","source":"pip","cdn":["https://cdn.jsdelivr.net/py/grok"],"load_mode":"lazy"},{"name":"turbogears","type":"package","group":"WebFramework","version":"latest","source":"pip","cdn":["https://cdn.jsdelivr.net/py/turbogears"],"load_mode":"lazy"},{"name":"web2py","type":"package","group":"WebFramework","version":"latest","source":"pip","cdn":["https://cdn.jsdelivr.net/py/web2py"],"load_mode":"lazy"},{"name":"bluebream","type":"package","group":"WebFramework","version":"latest","source":"pip","cdn":["https://cdn.jsdelivr.net/py/bluebream"],"load_mode":"lazy"},{"name":"fastapi","type":"package","group":"WebFramework","version":"latest","source":"pip","cdn":["https://cdn.jsdelivr.net/py/fastapi"],"load_mode":"lazy"},{"name":"starlette","type":"package","group":"WebFramework","version":"latest","source":"pip","cdn":["https://cdn.jsdelivr.net/py/starlette"],"load_mode":"lazy"},{"name":"sanic","type":"package","group":"WebFramework","version":"latest","source":"pip","cdn":["https://cdn.jsdelivr.net/py/sanic"],"load_mode":"lazy"},{"name":"falcon","type":"package","group":"WebFramework","version":"latest","source":"pip","cdn":["https://cdn.jsdelivr.net/py/falcon"],"load_mode":"lazy"},{"name":"hug","type":"package","group":"WebFramework","version":"latest","source":"pip","cdn":["https://cdn.jsdelivr.net/py/hug"],"load_mode":"lazy"},{"name":"aiohttp","type":"package","group":"Networking","version":"latest","source":"pip","cdn":["https://cdn.jsdelivr.net/py/aiohttp"],"load_mode":"lazy"},{"name":"uvicorn","type":"package","group":"Server","version":"latest","source":"pip","cdn":["https://cdn.jsdelivr.net/py/uvicorn"],"load_mode":"lazy"}]}