{
  "version": "1.1",
  "name": "VortexHubPythonModules",
  "description": "All Python libraries for dynamic/static loading, caching, CDN, runtime, ML, Web, NLP, Visualization, and monetization with advanced orchestrator metadata.",
  "features": {
    "lazy_loading": true,
    "cdn_fallback": true,
    "dependency_resolution": true,
    "auto_update": true,
    "session_cache": true,
    "resource_aware_loading": true,
    "multi_runtime_support": true,
    "monetization_support": true,
    "billing_per_package": true,
    "version_conflict_fixer": true,
    "analytics_dashboard": true,
    "auto_healing": true,
    "interactive_visualization_support": true,
    "multi_framework_web_support": true,
    "dynamic_api_exposure": true,
    "gpu_assignment_for_ml": true
  },
  "libraries": [
    {
      "name": "numpy",
      "type": "package",
      "group": "DataScience",
      "version": "latest",
      "source": "pip",
      "cdn": ["https://cdn.jsdelivr.net/py/numpy"],
      "load_mode": "lazy",
      "metadata": {
        "purpose": "core numeric computations",
        "fallback": "pip",
        "license_required": false
      }
    },
    {
      "name": "pandas",
      "type": "package",
      "group": "DataScience",
      "version": "latest",
      "source": "pip",
      "cdn": ["https://cdn.jsdelivr.net/py/pandas"],
      "load_mode": "lazy",
      "metadata": {
        "purpose": "dataframes and analytics",
        "fallback": "pip",
        "version_conflict_check": true
      }
    },
    {
      "name": "matplotlib",
      "type": "package",
      "group": "Visualization",
      "version": "latest",
      "source": "pip",
      "cdn": ["https://cdn.jsdelivr.net/py/matplotlib"],
      "load_mode": "lazy",
      "metadata": {
        "interactive_support": true,
        "theme_detection": true,
        "fallback": "pip"
      }
    },
    {
      "name": "tensorflow",
      "type": "package",
      "group": "ML/DeepLearning",
      "version": "latest",
      "source": "pip",
      "cdn": ["https://cdn.jsdelivr.net/py/tensorflow"],
      "load_mode": "lazy",
      "metadata": {
        "gpu_support": true,
        "versioned_models": true,
        "auto_fallback": true
      }
    },
    {
      "name": "pytorch",
      "type": "package",
      "group": "ML/DeepLearning",
      "version": "latest",
      "source": "pip",
      "cdn": ["https://cdn.jsdelivr.net/py/torch"],
      "load_mode": "lazy",
      "metadata": {
        "gpu_support": true,
        "multi_model_support": true,
        "versioned_models": true
      }
    },
    {
      "name": "scikit-learn",
      "type": "package",
      "group": "ML",
      "version": "latest",
      "source": "pip",
      "cdn": ["https://cdn.jsdelivr.net/py/scikit-learn"],
      "load_mode": "lazy",
      "metadata": {
        "purpose": "ML algorithms",
        "auto_version_check": true
      }
    },
    {
      "name": "requests",
      "type": "package",
      "group": "Networking",
      "version": "latest",
      "source": "pip",
      "cdn": ["https://cdn.jsdelivr.net/py/requests"],
      "load_mode": "lazy",
      "metadata": {
        "timeout_management": true,
        "retry_support": true
      }
    },
    {
      "name": "keras",
      "type": "package",
      "group": "ML/DeepLearning",
      "version": "latest",
      "source": "pip",
      "cdn": ["https://cdn.jsdelivr.net/py/keras"],
      "load_mode": "lazy",
      "metadata": {
        "gpu_support": true,
        "auto_model_loader": true
      }
    },
    {
      "name": "seaborn",
      "type": "package",
      "group": "Visualization",
      "version": "latest",
      "source": "pip",
      "cdn": ["https://cdn.jsdelivr.net/py/seaborn"],
      "load_mode": "lazy",
      "metadata": {
        "interactive_support": true,
        "theme_detection": true
      }
    },
    {
      "name": "plotly",
      "type": "package",
      "group": "Visualization",
      "version": "latest",
      "source": "pip",
      "cdn": ["https://cdn.jsdelivr.net/py/plotly"],
      "load_mode": "lazy",
      "metadata": {
        "cloud_rendering": true,
        "interactive_support": true
      }
    },
    {
      "name": "nltk",
      "type": "package",
      "group": "NLP",
      "version": "latest",
      "source": "pip",
      "cdn": ["https://cdn.jsdelivr.net/py/nltk"],
      "load_mode": "lazy",
      "metadata": {
        "pipeline_support": true,
        "lazy_corpus_download": true
      }
    },
    {
      "name": "beautifulsoup4",
      "type": "package",
      "group": "WebScraping",
      "version": "latest",
      "source": "pip",
      "cdn": ["https://cdn.jsdelivr.net/py/beautifulsoup4"],
      "load_mode": "lazy",
      "metadata": {
        "html_parse_support": true,
        "fallback": "pip"
      }
    },
    {
      "name": "pygame",
      "type": "package",
      "group": "GameDev",
      "version": "latest",
      "source": "pip",
      "cdn": ["https://cdn.jsdelivr.net/py/pygame"],
      "load_mode": "lazy",
      "metadata": {
        "interactive_support": true,
        "resource_management": true
      }
    },
    {
      "name": "gensim",
      "type": "package",
      "group": "NLP",
      "version": "latest",
      "source": "pip",
      "cdn": ["https://cdn.jsdelivr.net/py/gensim"],
      "load_mode": "lazy",
      "metadata": {
        "topic_modeling": true,
        "lazy_model_load": true
      }
    },
    {
      "name": "spacy",
      "type": "package",
      "group": "NLP",
      "version": "latest",
      "source": "pip",
      "cdn": ["https://cdn.jsdelivr.net/py/spacy"],
      "load_mode": "lazy",
      "metadata": {
        "pipeline_support": true,
        "gpu_support": true
      }
    },
    {
      "name": "scipy",
      "type": "package",
      "group": "DataScience",
      "version": "latest",
      "source": "pip",
      "cdn": ["https://cdn.jsdelivr.net/py/scipy"],
      "load_mode": "lazy",
      "metadata": {
        "scientific_computing": true
      }
    },
    {
      "name": "theano",
      "type": "package",
      "group": "ML/DeepLearning",
      "version": "latest",
      "source": "pip",
      "cdn": ["https://cdn.jsdelivr.net/py/theano"],
      "load_mode": "lazy",
      "metadata": {
        "gpu_support": true,
        "auto_graph_optimization": true
      }
    },
    {
      "name": "pybrain",
      "type": "package",
      "group": "ML/DeepLearning",
      "version": "latest",
      "source": "pip",
      "cdn": ["https://cdn.jsdelivr.net/py/pybrain"],
      "load_mode": "lazy",
      "metadata": {
        "neural_network_support": true
      }
    },
    {
      "name": "bokeh",
      "type": "package",
      "group": "Visualization",
      "version": "latest",
      "source": "pip",
      "cdn": ["https://cdn.jsdelivr.net/py/bokeh"],
      "load_mode": "lazy",
      "metadata": {
        "interactive_plotting": true,
        "cloud_rendering": true
      }
    },
    {
      "name": "hebel",
      "type": "package",
      "group": "ML/Utility",
      "version": "latest",
      "source": "pip",
      "cdn": ["https://cdn.jsdelivr.net/py/hebel"],
      "load_mode": "lazy",
      "metadata": {
        "optimizer_support": true
      }
    },
    {
      "name": "flask",
      "type": "package",
      "group": "WebFramework",
      "version": "latest",
      "source": "pip",
      "cdn": ["https://cdn.jsdelivr.net/py/flask"],
      "load_mode": "lazy",
      "metadata": {
        "api_framework": true,
        "dynamic_routing": true
      }
    },
    {
      "name": "django",
      "type": "package",
      "group": "WebFramework",
      "version": "latest",
      "source": "pip",
      "cdn": ["https://cdn.jsdelivr.net/py/django"],
      "load_mode": "lazy",
      "metadata": {
        "full_stack_framework": true,
        "orm_support": true
      }
    }
  ]
}