{
  "version": "1.0.0",
  "last_update": "2025-11-25T22:00:00Z",

  "meta": {
    "owner": "VortexHub Labs",
    "environment": "production",
    "signature_required": true
  },

  "cdn_sources": {
    "primary": "https://cdn.vortexhub.cloud",
    "fallbacks": [
      "https://edge1.vhcdn.net",
      "https://edge2.vhcdn.net",
      "https://global.vortexhub-cdn.com",
      "https://backup-cdn.vhstatic.net"
    ],
    "cache_ttl": 86400,
    "integrity": "sha256",
    "max_retry": 4
  },

  "modules": [
    {
      "id": "financial_engine",
      "name": "FinancialScenarioEngine",
      "version": "4.3.7",
      "entry": "/modules/finance/engine.py",
      "type": "python",
      "wasm_build": "/wasm/finance/engine.wasm",
      "dependencies": ["risk_core", "analytics_kit"],
      "cdn": {
        "urls": [
          "https://cdn.vortexhub.cloud/finance/engine.py",
          "https://edge1.vhcdn.net/finance/engine.py"
        ],
        "signature": "sha256-Pv9n3k11m8..."
      },
      "runtime": {
        "memory_limit": "256MB",
        "cpu_shares": 2,
        "sandbox": true,
        "isolation": "vm"
      }
    },

    {
      "id": "risk_core",
      "version": "2.1.0",
      "type": "python",
      "entry": "/modules/risk/core.py",
      "cdn": {
        "urls": [
          "https://cdn.vortexhub.cloud/risk/core.py"
        ]
      }
    },

    {
      "id": "render_engine",
      "name": "VortexRenderX",
      "version": "3.2.9",
      "type": "wasm",
      "entry": "/wasm/render/core.wasm",
      "cdn": {
        "urls": [
          "https://cdn.vortexhub.cloud/render/core.wasm",
          "https://global.vortexhub-cdn.com/render/core.wasm"
        ]
      },
      "renderer": {
        "supports": ["3D", "2D", "PDF", "CanvasSceneGraph"],
        "gpu_acceleration": true,
        "shader_pipeline": "VX-Shade-5"
      }
    }
  ],

  "pipelines": {
    "deploy": {
      "steps": [
        "lint",
        "unit_test",
        "wasm_build",
        "optimization",
        "signature_generate",
        "cdn_sync",
        "activation"
      ],
      "hooks": {
        "pre": "scripts/pre_deploy.sh",
        "post": "scripts/post_deploy.sh"
      }
    },
    "render_pipeline": {
      "shader_compile": true,
      "asset_minify": true,
      "texture_pack": true
    }
  },

  "fetch_policy": {
    "lazy_load": true,
    "streaming": true,
    "auto_heal": true,
    "fallback_to_local_cache": true
  },

  "security": {
    "verify_signature": true,
    "verify_integrity": true,
    "allow_unsigned_modules": false
  }
}